[
    {
        "id": 0,
        "name": "#System"
    },
    {
        "id": 1,
        "name": "Owner"
    },
    {
        "id": 2,
        "name": "Celestial"
    },
    {
        "id": 3,
        "name": "Station"
    },
    {
        "id": 4,
        "name": "Material"
    },
    {
        "id": 5,
        "name": "Accessories"
    },
    {
        "id": 6,
        "name": "Ship"
    },
    {
        "id": 7,
        "name": "Module"
    },
    {
        "id": 8,
        "name": "Charge"
    },
    {
        "id": 9,
        "name": "Blueprint"
    },
    {
        "id": 10,
        "name": "Trading"
    },
    {
        "id": 11,
        "name": "Entity"
    },
    {
        "id": 14,
        "name": "Bonus"
    },
    {
        "id": 16,
        "name": "Skill"
    },
    {
        "id": 17,
        "name": "Commodity"
    },
    {
        "id": 18,
        "name": "Drone"
    },
    {
        "id": 20,
        "name": "Implant"
    },
    {
        "id": 22,
        "name": "Deployable"
    },
    {
        "id": 23,
        "name": "Starbase"
    },
    {
        "id": 24,
        "name": "Reaction"
    },
    {
        "id": 25,
        "name": "Asteroid"
    },
    {
        "id": 26,
        "name": "WorldSpace"
    },
    {
        "id": 29,
        "name": "Abstract"
    },
    {
        "id": 30,
        "name": "Apparel"
    },
    {
        "id": 32,
        "name": "Subsystem"
    },
    {
        "id": 34,
        "name": "Ancient Relics"
    },
    {
        "id": 35,
        "name": "Decryptors"
    },
    {
        "id": 39,
        "name": "Infrastructure Upgrades"
    },
    {
        "id": 40,
        "name": "Sovereignty Structures"
    },
    {
        "id": 41,
        "name": "Planetary Industry"
    },
    {
        "id": 42,
        "name": "Planetary Resources"
    },
    {
        "id": 43,
        "name": "Planetary Commodities"
    },
    {
        "id": 46,
        "name": "Orbitals"
    },
    {
        "id": 49,
        "name": "Placeables"
    },
    {
        "id": 53,
        "name": "Effects"
    },
    {
        "id": 54,
        "name": "Lights"
    },
    {
        "id": 59,
        "name": "Cells"
    },
    {
        "id": 63,
        "name": "Special Edition Assets"
    },
    {
        "id": 65,
        "name": "Structure"
    },
    {
        "id": 66,
        "name": "Structure Module"
    },
    {
        "id": 87,
        "name": "Fighter"
    },
    {
        "id": 91,
        "name": "SKINs"
    },
    {
        "id": 2100,
        "name": "Expert Systems"
    },
    {
        "id": 2107,
        "name": "Mining"
    },
    {
        "id": 2118,
        "name": "Personalization"
    },
    {
        "id": 2143,
        "name": "Colony Resources"
    },
    {
        "id": 350001,
        "name": "Infantry"
    }
]
