[
    {
        "center": {
            "x": 1.3680672219108858e+16,
            "y": 7.068146613550989e+16,
            "z": 2.8413564924780576e+17
        },
        "descriptionID": 267721,
        "factionID": 500005,
        "max": {
            "x": 3.434232167319512e+16,
            "y": 8.469574496844285e+16,
            "z": -2.3427202844096486e+17
        },
        "min": {
            "x": -6.980977234977402e+15,
            "y": 5.666718730257693e+16,
            "z": -3.3399927005464666e+17
        },
        "name": "A821-A",
        "nameID": 267720,
        "nebula": 11836,
        "regionID": 10000019
    },
    {
        "center": {
            "x": -3.68177411221382e+17,
            "y": 1.8612570807883984e+16,
            "z": -7.777031568673328e+16
        },
        "descriptionID": 267787,
        "factionID": 500003,
        "max": {
            "x": -3.224627916385381e+17,
            "y": 4.3108324599499576e+16,
            "z": 1.170302267028591e+17
        },
        "min": {
            "x": -4.138920308042259e+17,
            "y": -5.883182983731606e+15,
            "z": 3.851040467060743e+16
        },
        "name": "Aridia",
        "nameID": 267786,
        "nebula": 11794,
        "regionID": 10000054
    },
    {
        "center": {
            "x": -2.2268706803473363e+17,
            "y": 7.755941064220842e+16,
            "z": 1.3602959608230848e+17
        },
        "descriptionID": 267817,
        "factionID": 500001,
        "max": {
            "x": -1.4176787724115173e+17,
            "y": 1.5847860143579034e+17,
            "z": -5.5110405288726576e+16
        },
        "min": {
            "x": -3.036062588283155e+17,
            "y": -3.359780151373488e+15,
            "z": -2.1694878687589037e+17
        },
        "name": "Black Rise",
        "nameID": 267816,
        "nebula": 11808,
        "regionID": 10000069
    },
    {
        "center": {
            "x": -1.4583195703471386e+17,
            "y": 6.691524732995556e+16,
            "z": 4.127179250939767e+17
        },
        "descriptionID": 267789,
        "factionID": 0,
        "max": {
            "x": -9.932903119188669e+16,
            "y": 8.793066796149494e+16,
            "z": -3.5742904778904064e+17
        },
        "min": {
            "x": -1.9233488287754102e+17,
            "y": 4.5899826698416176e+16,
            "z": -4.680068023989127e+17
        },
        "name": "Branch",
        "nameID": 267788,
        "nebula": 11811,
        "regionID": 10000055
    },
    {
        "center": {
            "x": 2.4472781079953882e+17,
            "y": -1.6185129443509688e+16,
            "z": -8.50732831493953e+16
        },
        "descriptionID": 267697,
        "factionID": 0,
        "max": {
            "x": 3.0550396267083917e+17,
            "y": 9.761231144107392e+15,
            "z": 1.2022842035696214e+17
        },
        "min": {
            "x": 1.8395165892823846e+17,
            "y": -4.213149003112677e+16,
            "z": 4.9918145941828464e+16
        },
        "name": "Cache",
        "nameID": 267696,
        "nebula": 11845,
        "regionID": 10000007
    },
    {
        "center": {
            "x": -1.1359545215349882e+17,
            "y": 2.1828796395058968e+16,
            "z": -2.0099718812167344e+17
        },
        "descriptionID": 267711,
        "factionID": 0,
        "max": {
            "x": -5.038596299703388e+16,
            "y": 5.430074560404533e+16,
            "z": 2.6287290631550586e+17
        },
        "min": {
            "x": -1.7680494130996374e+17,
            "y": -1.0643152813927398e+16,
            "z": 1.3912146992784101e+17
        },
        "name": "Catch",
        "nameID": 267710,
        "nebula": 11801,
        "regionID": 10000014
    },
    {
        "center": {
            "x": -3.2093385136764403e+17,
            "y": 7.44221973684437e+16,
            "z": 1.4645946876917536e+17
        },
        "descriptionID": 267781,
        "factionID": 0,
        "max": {
            "x": -3.075244862297205e+17,
            "y": 9.43401429457521e+16,
            "z": -1.1651323660523341e+17
        },
        "min": {
            "x": -3.343432165055676e+17,
            "y": 5.4504251791135304e+16,
            "z": -1.764057009331173e+17
        },
        "name": "Cloud Ring",
        "nameID": 267780,
        "nebula": 11830,
        "regionID": 10000051
    },
    {
        "center": {
            "x": 2.9218436555496243e+17,
            "y": 5.3493388123815024e+16,
            "z": 2.0462510885039226e+17
        },
        "descriptionID": 267785,
        "factionID": 0,
        "max": {
            "x": 3.1096109630804403e+17,
            "y": 7.363963584740566e+16,
            "z": -1.4429238614756438e+17
        },
        "min": {
            "x": 2.734076348018808e+17,
            "y": 3.3347140400224392e+16,
            "z": -2.649578315532201e+17
        },
        "name": "Cobalt Edge",
        "nameID": 267784,
        "nebula": 11823,
        "regionID": 10000053
    },
    {
        "center": {
            "x": 1.3928759309586042e+16,
            "y": -1.279955725086004e+15,
            "z": -1.5111475958286547e+17
        },
        "descriptionID": 267707,
        "factionID": 500011,
        "max": {
            "x": 4.5022421093594896e+16,
            "y": 2.7705948177697808e+16,
            "z": 1.6712413463803424e+17
        },
        "min": {
            "x": -1.716490247442281e+16,
            "y": -3.0265859627869812e+16,
            "z": 1.3510538452769674e+17
        },
        "name": "Curse",
        "nameID": 267706,
        "nebula": 11842,
        "regionID": 10000012
    },
    {
        "center": {
            "x": -2.7635254020220086e+17,
            "y": 8.97693275886591e+16,
            "z": 3.1028349560570586e+17
        },
        "descriptionID": 267749,
        "factionID": 0,
        "max": {
            "x": -1.9541662161240006e+17,
            "y": 1.2773268966537806e+17,
            "z": -2.6775526564525622e+17
        },
        "min": {
            "x": -3.5728845879200166e+17,
            "y": 5.180596551194016e+16,
            "z": -3.528117255661555e+17
        },
        "name": "Deklein",
        "nameID": 267748,
        "nebula": 11810,
        "regionID": 10000035
    },
    {
        "center": {
            "x": -4.29369275408752e+17,
            "y": 5.142612100362592e+16,
            "z": -2.565601109727691e+17
        },
        "descriptionID": 267799,
        "factionID": 0,
        "max": {
            "x": -3.932138394066815e+17,
            "y": 8.206794002215046e+16,
            "z": 3.2567181086493754e+17
        },
        "min": {
            "x": -4.655247114108225e+17,
            "y": 2.0784301985101372e+16,
            "z": 1.8744841108060067e+17
        },
        "name": "Delve",
        "nameID": 267798,
        "nebula": 11797,
        "regionID": 10000060
    },
    {
        "center": {
            "x": -7.736195192277693e+16,
            "y": 5.087803266430193e+16,
            "z": -6.44331012661154e+16
        },
        "descriptionID": 267685,
        "factionID": 500007,
        "max": {
            "x": -4.9173916281705744e+16,
            "y": 7.462751145155984e+16,
            "z": 1.0244284202120213e+17
        },
        "min": {
            "x": -1.0554998756384811e+17,
            "y": 2.7128553877044016e+16,
            "z": 2.6423360511028672e+16
        },
        "name": "Derelik",
        "nameID": 267684,
        "nebula": 11799,
        "regionID": 10000001
    },
    {
        "center": {
            "x": 1.3354040499361931e+17,
            "y": -3.1391501876004684e+16,
            "z": -1.9639225847852202e+17
        },
        "descriptionID": 267693,
        "factionID": 0,
        "max": {
            "x": 2.0899489217955034e+17,
            "y": -1.2062671703106728e+16,
            "z": 2.2803565215606618e+17
        },
        "min": {
            "x": 5.808591780768829e+16,
            "y": -5.072033204890264e+16,
            "z": 1.6474886480097786e+17
        },
        "name": "Detorid",
        "nameID": 267692,
        "nebula": 11849,
        "regionID": 10000005
    },
    {
        "center": {
            "x": -1.416979600635213e+17,
            "y": 5.844157227448448e+16,
            "z": -6.333411015534819e+16
        },
        "descriptionID": 267751,
        "factionID": 500003,
        "max": {
            "x": -1.141135347402863e+17,
            "y": 9.482662218344163e+16,
            "z": 9.634524863024915e+16
        },
        "min": {
            "x": -1.692823853867563e+17,
            "y": 2.2056522365527324e+16,
            "z": 3.0322971680447224e+16
        },
        "name": "Devoid",
        "nameID": 267750,
        "nebula": 11791,
        "regionID": 10000036
    },
    {
        "center": {
            "x": -2.0043783372615328e+17,
            "y": 5.356170093220677e+16,
            "z": -8.135523908563338e+16
        },
        "descriptionID": 267765,
        "factionID": 500003,
        "max": {
            "x": -1.4682574687531706e+17,
            "y": 9.412398008064426e+16,
            "z": 1.4450670527943235e+17
        },
        "min": {
            "x": -2.5404992057698954e+17,
            "y": 1.2999421783769292e+16,
            "z": 1.8203772891834392e+16
        },
        "name": "Domain",
        "nameID": 267764,
        "nebula": 11789,
        "regionID": 10000043
    },
    {
        "center": {
            "x": -8.678786471368562e+16,
            "y": -1.6977131982195792e+16,
            "z": -4.172325974847579e+17
        },
        "descriptionID": 267757,
        "factionID": 0,
        "max": {
            "x": -5.1678070399865104e+16,
            "y": 2.617548798344294e+16,
            "z": 4.719319941820764e+17
        },
        "min": {
            "x": -1.2189765902750613e+17,
            "y": -6.012975194783453e+16,
            "z": 3.6253320078743936e+17
        },
        "name": "Esoteria",
        "nameID": 267756,
        "nebula": 11804,
        "regionID": 10000039
    },
    {
        "center": {
            "x": -2.184763802932087e+17,
            "y": 3.607969134327492e+16,
            "z": 5.3743933634809976e+16
        },
        "descriptionID": 267807,
        "factionID": 500004,
        "max": {
            "x": -1.995433022177193e+17,
            "y": 6.4525785262147e+16,
            "z": -2.7877877263126768e+16
        },
        "min": {
            "x": -2.374094583686981e+17,
            "y": 7.633597424402837e+15,
            "z": -7.960999000649318e+16
        },
        "name": "Essence",
        "nameID": 267806,
        "nebula": 11826,
        "regionID": 10000064
    },
    {
        "center": {
            "x": 1.2838204136275197e+17,
            "y": 5.6377147096749936e+16,
            "z": 3.7868198303199904e+16
        },
        "descriptionID": 267733,
        "factionID": 0,
        "max": {
            "x": 1.8880851213304038e+17,
            "y": 8.366948777305064e+16,
            "z": 4.2220091262114495e+15
        },
        "min": {
            "x": 6.795557059246356e+16,
            "y": 2.908480642044922e+16,
            "z": -7.995840573261126e+16
        },
        "name": "Etherium Reach",
        "nameID": 267732,
        "nebula": 11840,
        "regionID": 10000027
    },
    {
        "center": {
            "x": -1.948220132942805e+17,
            "y": 8.827663029283092e+15,
            "z": 2.0255953804920792e+16
        },
        "descriptionID": 267753,
        "factionID": 500004,
        "max": {
            "x": -1.740604469569995e+17,
            "y": 3.0188340611771352e+16,
            "z": -9.296668484968892e+15
        },
        "min": {
            "x": -2.1558357963156154e+17,
            "y": -1.2533014553205172e+16,
            "z": -3.1215239124872696e+16
        },
        "name": "Everyshore",
        "nameID": 267752,
        "nebula": 11825,
        "regionID": 10000037
    },
    {
        "center": {
            "x": -2.93951880420984e+17,
            "y": 5.873886436385467e+16,
            "z": 2.577481174113523e+17
        },
        "descriptionID": 267771,
        "factionID": 0,
        "max": {
            "x": -2.6594117469722013e+17,
            "y": 8.28145628467889e+16,
            "z": -2.5328589920868147e+17
        },
        "min": {
            "x": -3.219625861447479e+17,
            "y": 3.4663165880920448e+16,
            "z": -2.622103356140231e+17
        },
        "name": "Fade",
        "nameID": 267770,
        "nebula": 11834,
        "regionID": 10000046
    },
    {
        "center": {
            "x": 3.0647318047262848e+16,
            "y": -1.6097388834061716e+16,
            "z": -4.030804574996064e+17
        },
        "descriptionID": 267791,
        "factionID": 0,
        "max": {
            "x": 7.472199534589616e+16,
            "y": 1.5344063639820454e+16,
            "z": 4.674426807798739e+17
        },
        "min": {
            "x": -1.3427359251370466e+16,
            "y": -4.753884130794389e+16,
            "z": 3.387182342193389e+17
        },
        "name": "Feythabolis",
        "nameID": 267790,
        "nebula": 11852,
        "regionID": 10000056
    },
    {
        "center": {
            "x": -4.4901358960648845e+17,
            "y": 3.722737906538308e+16,
            "z": -6.024369036247568e+15
        },
        "descriptionID": 267795,
        "factionID": 0,
        "max": {
            "x": -3.9480856443655635e+17,
            "y": 6.1628853659898136e+16,
            "z": 6.428549339641815e+16
        },
        "min": {
            "x": -5.032186147764206e+17,
            "y": 1.2825904470868026e+16,
            "z": -5.2236755323923024e+16
        },
        "name": "Fountain",
        "nameID": 267794,
        "nebula": 11833,
        "regionID": 10000058
    },
    {
        "center": {
            "x": -1.5833926531865588e+16,
            "y": 5.9778184289368976e+16,
            "z": 1.1554652909002083e+17
        },
        "descriptionID": 267737,
        "factionID": 0,
        "max": {
            "x": 1.3469626990730056e+16,
            "y": 9.601438279920605e+16,
            "z": -9.383107818990438e+16
        },
        "min": {
            "x": -4.513748005446123e+16,
            "y": 2.3541985779531916e+16,
            "z": -1.372619799901373e+17
        },
        "name": "Geminate",
        "nameID": 267736,
        "nebula": 11815,
        "regionID": 10000029
    },
    {
        "center": {
            "x": -2.6002990770517398e+17,
            "y": 1.488964845231382e+16,
            "z": -1.5431994130441272e+16
        },
        "descriptionID": 267813,
        "factionID": 500003,
        "max": {
            "x": -2.208620232585291e+17,
            "y": 4.954199617970909e+16,
            "z": 5.4144200749055776e+16
        },
        "min": {
            "x": -2.991977921518189e+17,
            "y": -1.9762699275081452e+16,
            "z": -2.3280212488173232e+16
        },
        "name": "Genesis",
        "nameID": 267812,
        "nebula": 11787,
        "regionID": 10000067
    },
    {
        "center": {
            "x": 5.251383763022409e+16,
            "y": 2.9056627593860224e+16,
            "z": -7.275920771759931e+16
        },
        "descriptionID": 267705,
        "factionID": 500015,
        "max": {
            "x": 8.92400970939095e+16,
            "y": 6.2530274640046304e+16,
            "z": 1.0779398215074539e+17
        },
        "min": {
            "x": 1.5787578166538672e+16,
            "y": -4.417019452325856e+15,
            "z": 3.772443328445323e+16
        },
        "name": "Great Wildlands",
        "nameID": 267704,
        "nebula": 11841,
        "regionID": 10000011
    },
    {
        "center": {
            "x": -9.292928549160074e+16,
            "y": 3.2124391627089524e+16,
            "z": 2.4148721399369208e+16
        },
        "descriptionID": 267739,
        "factionID": 500002,
        "max": {
            "x": -5.758923255686405e+16,
            "y": 5.913107401749033e+16,
            "z": 3.279331427389417e+15
        },
        "min": {
            "x": -1.2826933842633741e+17,
            "y": 5.117709236688716e+15,
            "z": -5.157677422612783e+16
        },
        "name": "Heimatar",
        "nameID": 267738,
        "nebula": 11838,
        "regionID": 10000030
    },
    {
        "center": {
            "x": 2.1892914159865944e+16,
            "y": -3.0178289457794e+15,
            "z": -2.057841808816585e+17
        },
        "descriptionID": 267731,
        "factionID": 0,
        "max": {
            "x": 6.668121521710864e+16,
            "y": 1.7494681505352452e+16,
            "z": 2.4580105438905907e+17
        },
        "min": {
            "x": -2.289538689737676e+16,
            "y": -2.3530339396911252e+16,
            "z": 1.657673073742579e+17
        },
        "name": "Immensea",
        "nameID": 267730,
        "nebula": 11848,
        "regionID": 10000025
    },
    {
        "center": {
            "x": -3.860616712970528e+16,
            "y": -1.84003793729434e+15,
            "z": -3.349485584374688e+17
        },
        "descriptionID": 267741,
        "factionID": 0,
        "max": {
            "x": -3.0940181095956176e+16,
            "y": 2.6847972606432064e+16,
            "z": 3.645961438211446e+17
        },
        "min": {
            "x": -4.6272153163454384e+16,
            "y": -3.052804848102074e+16,
            "z": 3.05300973053793e+17
        },
        "name": "Impass",
        "nameID": 267740,
        "nebula": 11851,
        "regionID": 10000031
    },
    {
        "center": {
            "x": 1.5419683489271232e+17,
            "y": 2.835111179265832e+15,
            "z": -1.4538917894598522e+17
        },
        "descriptionID": 267701,
        "factionID": 0,
        "max": {
            "x": 2.0001202784096854e+17,
            "y": 4.688732253773915e+16,
            "z": 1.9241202658284502e+17
        },
        "min": {
            "x": 1.0838164194445606e+17,
            "y": -4.121710017920749e+16,
            "z": 9.836633130912542e+16
        },
        "name": "Insmother",
        "nameID": 267700,
        "nebula": 11844,
        "regionID": 10000009
    },
    {
        "center": {
            "x": 9.262044950387992e+15,
            "y": 8.144303142847554e+16,
            "z": 2.3105379846413197e+17
        },
        "descriptionID": 267717,
        "factionID": 500005,
        "max": {
            "x": 4.9514509859898304e+16,
            "y": 1.0301115027230875e+17,
            "z": -1.8385697654352608e+17
        },
        "min": {
            "x": -3.099041995912232e+16,
            "y": 5.987491258464232e+16,
            "z": -2.7825062038473782e+17
        },
        "name": "J7HZ-F",
        "nameID": 267716,
        "nebula": 11835,
        "regionID": 10000017
    },
    {
        "center": {
            "x": -2.3729748007998093e+17,
            "y": 4.068033882984968e+16,
            "z": -7.683096729781933e+16
        },
        "descriptionID": 267783,
        "factionID": 500003,
        "max": {
            "x": -2.0949595106499514e+17,
            "y": 6.712131729561747e+16,
            "z": 1.3171466634656624e+17
        },
        "min": {
            "x": -2.6509900909496672e+17,
            "y": 1.4239360364081888e+16,
            "z": 2.1947268249072412e+16
        },
        "name": "Kador",
        "nameID": 267782,
        "nebula": 11788,
        "regionID": 10000052
    },
    {
        "center": {
            "x": -3.1828741618457894e+17,
            "y": 2.0419414094204784e+16,
            "z": -1.3348752410921878e+17
        },
        "descriptionID": 267777,
        "factionID": 500008,
        "max": {
            "x": -2.721699955191239e+17,
            "y": 6.421478374281419e+16,
            "z": 1.7266185497696512e+17
        },
        "min": {
            "x": -3.6440483685003405e+17,
            "y": -2.3375955554404624e+16,
            "z": 9.431319324147245e+16
        },
        "name": "Khanid",
        "nameID": 267776,
        "nebula": 11795,
        "regionID": 10000049
    },
    {
        "center": {
            "x": -2.962123175203088e+17,
            "y": 4.1618648470271736e+16,
            "z": -1.0465124794949888e+17
        },
        "descriptionID": 267809,
        "factionID": 500003,
        "max": {
            "x": -2.3352185262398422e+17,
            "y": 8.425237759197536e+16,
            "z": 1.3648227386317952e+17
        },
        "min": {
            "x": -3.5890278241663334e+17,
            "y": -1.015080651431888e+15,
            "z": 7.282022203581826e+16
        },
        "name": "Kor-Azor",
        "nameID": 267808,
        "nebula": 11793,
        "regionID": 10000065
    },
    {
        "center": {
            "x": -1.8917122217723917e+17,
            "y": 9.455246335094957e+16,
            "z": 1.5569612898227043e+17
        },
        "descriptionID": 267715,
        "factionID": 500001,
        "max": {
            "x": -1.4487633442116714e+17,
            "y": 1.1911408336132426e+17,
            "z": -1.1751408164443371e+17
        },
        "min": {
            "x": -2.3346610993331117e+17,
            "y": 6.999084334057488e+16,
            "z": -1.9387817632010714e+17
        },
        "name": "Lonetrek",
        "nameID": 267714,
        "nebula": 11807,
        "regionID": 10000016
    },
    {
        "center": {
            "x": 1.7570790941457558e+17,
            "y": 6.8486867977334544e+16,
            "z": 9.144135310426162e+16
        },
        "descriptionID": 267709,
        "factionID": 0,
        "max": {
            "x": 2.0489304087107622e+17,
            "y": 9.375186085989512e+16,
            "z": -4.6311363221014816e+16
        },
        "min": {
            "x": 1.4652277795807494e+17,
            "y": 4.322187509477397e+16,
            "z": -1.3657134298750842e+17
        },
        "name": "Malpais",
        "nameID": 267708,
        "nebula": 11819,
        "regionID": 10000013
    },
    {
        "center": {
            "x": -7.426705555731202e+16,
            "y": 3.5798638720555244e+16,
            "z": 4.5153300095399016e+16
        },
        "descriptionID": 267763,
        "factionID": 500002,
        "max": {
            "x": -1.0536139273270878e+16,
            "y": 7.855037065008157e+16,
            "z": -1.122089089921301e+16
        },
        "min": {
            "x": -1.3799797184135315e+17,
            "y": -6.953093208971083e+15,
            "z": -7.908570929158502e+16
        },
        "name": "Metropolis",
        "nameID": 267762,
        "nebula": 11837,
        "regionID": 10000042
    },
    {
        "center": {
            "x": -3.5722113622288208e+16,
            "y": 4.35032539761976e+15,
            "z": -5.376103573250504e+15
        },
        "descriptionID": 267735,
        "factionID": 500002,
        "max": {
            "x": -1.4319594969553332e+16,
            "y": 1.9726220127020912e+16,
            "z": 1.8049644802828956e+16
        },
        "min": {
            "x": -5.712463227502308e+16,
            "y": -1.1025569331781392e+16,
            "z": -7.297437656327948e+15
        },
        "name": "Molden Heath",
        "nameID": 267734,
        "nebula": 11839,
        "regionID": 10000028
    },
    {
        "center": {
            "x": 2.333916367570607e+17,
            "y": 6.33356815054524e+16,
            "z": 1.2254225975524512e+17
        },
        "descriptionID": 267759,
        "factionID": 0,
        "max": {
            "x": 2.7252852320615258e+17,
            "y": 9.117208684692861e+16,
            "z": -7.0696870242835144e+16
        },
        "min": {
            "x": 1.9425475030796883e+17,
            "y": 3.5499276163976184e+16,
            "z": -1.743876492676551e+17
        },
        "name": "Oasa",
        "nameID": 267758,
        "nebula": 11821,
        "regionID": 10000040
    },
    {
        "center": {
            "x": 1.0031929159381894e+17,
            "y": -2.7486110166441664e+16,
            "z": -3.8956031323500416e+17
        },
        "descriptionID": 267803,
        "factionID": 0,
        "max": {
            "x": 1.481702588078323e+17,
            "y": -8.54580527345574e+15,
            "z": 4.10186337361231e+17
        },
        "min": {
            "x": 5.2468324379805616e+16,
            "y": -4.642641505942759e+16,
            "z": 3.689342891087774e+17
        },
        "name": "Omist",
        "nameID": 267802,
        "nebula": 11853,
        "regionID": 10000062
    },
    {
        "center": {
            "x": 2.914981500062395e+17,
            "y": 4.086283626834608e+15,
            "z": 8.03076834578899e+16
        },
        "descriptionID": 267725,
        "factionID": 0,
        "max": {
            "x": 3.292884719675031e+17,
            "y": 6.560450812977021e+16,
            "z": -1.2988086202892552e+16
        },
        "min": {
            "x": 2.5370782804497587e+17,
            "y": -5.743194087610099e+16,
            "z": -1.4762728071288726e+17
        },
        "name": "Outer Passage",
        "nameID": 267724,
        "nebula": 11822,
        "regionID": 10000021
    },
    {
        "center": {
            "x": -3.925637385300106e+17,
            "y": 2.1671932707227816e+16,
            "z": 8.63772810266471e+16
        },
        "descriptionID": 267793,
        "factionID": 500014,
        "max": {
            "x": -3.444972438245344e+17,
            "y": 3.488917991824446e+16,
            "z": -5.8594870570102456e+16
        },
        "min": {
            "x": -4.4063023323548685e+17,
            "y": 8.454685496211174e+15,
            "z": -1.1415969148319174e+17
        },
        "name": "Outer Ring",
        "nameID": 267792,
        "nebula": 11831,
        "regionID": 10000057
    },
    {
        "center": {
            "x": -1.1365286116576211e+17,
            "y": -2.636101164072734e+16,
            "z": -4.711846728148045e+17
        },
        "descriptionID": 267797,
        "factionID": 0,
        "max": {
            "x": -8.020240966831578e+16,
            "y": -4.837231641294958e+15,
            "z": 4.801034003210373e+17
        },
        "min": {
            "x": -1.4710331266320845e+17,
            "y": -4.788479164015972e+16,
            "z": 4.622659453085716e+17
        },
        "name": "Paragon Soul",
        "nameID": 267796,
        "nebula": 11803,
        "regionID": 10000059
    },
    {
        "center": {
            "x": -4.145042292995527e+17,
            "y": 8.378848565395994e+16,
            "z": -3.86878506419457e+17
        },
        "descriptionID": 267805,
        "factionID": 0,
        "max": {
            "x": -3.888057453923018e+17,
            "y": 1.0147092614196973e+17,
            "z": 4.180896459525769e+17
        },
        "min": {
            "x": -4.402027132068036e+17,
            "y": 6.610604516595013e+16,
            "z": 3.556673668863372e+17
        },
        "name": "Period Basis",
        "nameID": 267804,
        "nebula": 11798,
        "regionID": 10000063
    },
    {
        "center": {
            "x": 2.1187437698137216e+17,
            "y": 2.5904748164016452e+16,
            "z": 1.0710786683887016e+17
        },
        "descriptionID": 267811,
        "factionID": 0,
        "max": {
            "x": 2.4726440853143814e+17,
            "y": 5.724368760584899e+16,
            "z": -4.853103613233727e+16
        },
        "min": {
            "x": 1.764843454313062e+17,
            "y": -5.434191277816092e+15,
            "z": -1.6568469754540304e+17
        },
        "name": "Perrigen Falls",
        "nameID": 267810,
        "nebula": 11820,
        "regionID": 10000066
    },
    {
        "center": {
            "x": -2.7079869001668893e+17,
            "y": 7.370179681205358e+16,
            "z": 9.546445967769915e+16
        },
        "descriptionID": 267775,
        "factionID": 500004,
        "max": {
            "x": -2.465465733333712e+17,
            "y": 1.1371630099237632e+17,
            "z": -5.547251846258713e+16
        },
        "min": {
            "x": -2.9505080670000666e+17,
            "y": 3.368729263173086e+16,
            "z": -1.3545640089281117e+17
        },
        "name": "Placid",
        "nameID": 267774,
        "nebula": 11828,
        "regionID": 10000048
    },
    {
        "center": {
            "x": -1.2241186433562827e+17,
            "y": 4.7387680180212176e+16,
            "z": 3.191873770313528e+16
        },
        "descriptionID": 561302,
        "factionID": 500026,
        "max": {
            "x": -6.532782451210522e+15,
            "y": 9.929795890479451e+16,
            "z": 1.643686638964247e+17
        },
        "min": {
            "x": -2.3829094622004602e+17,
            "y": -4.522598544370158e+15,
            "z": -1.0053118849015414e+17
        },
        "name": "Pochven",
        "nameID": 561301,
        "nebula": 11794,
        "regionID": 10000070
    },
    {
        "center": {
            "x": -1.2175075971220107e+17,
            "y": 5.849565140233281e+16,
            "z": -1.5151587411171568e+17
        },
        "descriptionID": 267773,
        "factionID": 0,
        "max": {
            "x": -9.581887121917872e+16,
            "y": 8.588219008008974e+16,
            "z": 1.982701956637551e+17
        },
        "min": {
            "x": -1.4768264820522342e+17,
            "y": 3.1109112724575872e+16,
            "z": 1.0476155255967626e+17
        },
        "name": "Providence",
        "nameID": 267772,
        "nebula": 11800,
        "regionID": 10000047
    },
    {
        "center": {
            "x": -2.6092188271569226e+17,
            "y": 7.897926619142742e+16,
            "z": 2.202255325147317e+17
        },
        "descriptionID": 267729,
        "factionID": 0,
        "max": {
            "x": -2.0244969829864928e+17,
            "y": 1.2143122697636869e+17,
            "z": -2.018971342559366e+17
        },
        "min": {
            "x": -3.1939406713273523e+17,
            "y": 3.652730540648615e+16,
            "z": -2.3855393077352682e+17
        },
        "name": "Pure Blind",
        "nameID": 267728,
        "nebula": 11809,
        "regionID": 10000023
    },
    {
        "center": {
            "x": -3.634130995639725e+17,
            "y": 5.322065044631777e+16,
            "z": -2.407061305312694e+17
        },
        "descriptionID": 267779,
        "factionID": 0,
        "max": {
            "x": -3.0578219792980704e+17,
            "y": 8.93417369107648e+16,
            "z": 3.029139764329604e+17
        },
        "min": {
            "x": -4.2104400119813786e+17,
            "y": 1.7099563981870736e+16,
            "z": 1.7849828462957843e+17
        },
        "name": "Querious",
        "nameID": 267778,
        "nebula": 11796,
        "regionID": 10000050
    },
    {
        "center": {
            "x": 6.413681763702053e+16,
            "y": 5.114679584706428e+15,
            "z": -1.3821010047770605e+17
        },
        "descriptionID": 267699,
        "factionID": 0,
        "max": {
            "x": 1.0963697440001792e+17,
            "y": 3.1715019526786392e+16,
            "z": 1.7242716478644333e+17
        },
        "min": {
            "x": 1.8636660874023124e+16,
            "y": -2.148566035737354e+16,
            "z": 1.0399303616896877e+17
        },
        "name": "Scalding Pass",
        "nameID": 267698,
        "nebula": 11846,
        "regionID": 10000008
    },
    {
        "center": {
            "x": -1.819128830764801e+17,
            "y": 4.1699538786904704e+16,
            "z": 3.978073867707421e+16
        },
        "descriptionID": 267743,
        "factionID": 500004,
        "max": {
            "x": -1.452061263355104e+17,
            "y": 6.856103656220072e+16,
            "z": 5.696121940857438e+15
        },
        "min": {
            "x": -2.186196398174498e+17,
            "y": 1.48380410116087e+16,
            "z": -8.525759929500586e+16
        },
        "name": "Sinq Laison",
        "nameID": 267742,
        "nebula": 11824,
        "regionID": 10000032
    },
    {
        "center": {
            "x": -3.219317463189505e+17,
            "y": 2.8256329216600424e+16,
            "z": 1.9276106332841396e+16
        },
        "descriptionID": 267767,
        "factionID": 500004,
        "max": {
            "x": -3.0437935370308544e+17,
            "y": 5.18621037943476e+16,
            "z": 5.566429385762107e+15
        },
        "min": {
            "x": -3.394841389348156e+17,
            "y": 4.650554638853243e+15,
            "z": -4.4118642051444896e+16
        },
        "name": "Solitude",
        "nameID": 267766,
        "nebula": 11832,
        "regionID": 10000044
    },
    {
        "center": {
            "x": -1.5882767896484387e+17,
            "y": 5.8691190475642464e+16,
            "z": -3.0922396146560346e+17
        },
        "descriptionID": 267727,
        "factionID": 500019,
        "max": {
            "x": -9.675928726801037e+16,
            "y": 1.0098084696273646e+17,
            "z": 3.6440413059243514e+17
        },
        "min": {
            "x": -2.2089607066167738e+17,
            "y": 1.6401533988548474e+16,
            "z": 2.5404379233877178e+17
        },
        "name": "Stain",
        "nameID": 267726,
        "nebula": 11802,
        "regionID": 10000022
    },
    {
        "center": {
            "x": -3.212462370259751e+17,
            "y": 1.9458130625209884e+16,
            "z": 7.416401345883064e+16
        },
        "descriptionID": 267761,
        "factionID": 500009,
        "max": {
            "x": -2.800734512451424e+17,
            "y": 4.6328278497124424e+16,
            "z": -3.6701184862824224e+16
        },
        "min": {
            "x": -3.624190228068078e+17,
            "y": -7.41201724670466e+15,
            "z": -1.1162684205483706e+17
        },
        "name": "Syndicate",
        "nameID": 267760,
        "nebula": 11829,
        "regionID": 10000041
    },
    {
        "center": {
            "x": -2.1175337186387933e+17,
            "y": 6.2838705971067984e+16,
            "z": -1.2393481453766448e+17
        },
        "descriptionID": 267723,
        "factionID": 500003,
        "max": {
            "x": -1.8450453195758995e+17,
            "y": 9.203013758216826e+16,
            "z": 1.593251385216376e+17
        },
        "min": {
            "x": -2.390022117701687e+17,
            "y": 3.364727435996772e+16,
            "z": 8.854449055369138e+16
        },
        "name": "Tash-Murkon",
        "nameID": 267722,
        "nebula": 11792,
        "regionID": 10000020
    },
    {
        "center": {
            "x": -7.228788513362024e+16,
            "y": 5.83402765876594e+16,
            "z": 4.336024461078487e+17
        },
        "descriptionID": 267769,
        "factionID": 0,
        "max": {
            "x": -2.7827192392127112e+16,
            "y": 1.0157260741289763e+17,
            "z": -4.089044393967909e+17
        },
        "min": {
            "x": -1.1674857787511338e+17,
            "y": 1.5107945762421178e+16,
            "z": -4.5830045281890656e+17
        },
        "name": "Tenal",
        "nameID": 267768,
        "nebula": 11816,
        "regionID": 10000045
    },
    {
        "center": {
            "x": 4.739543514307029e+16,
            "y": -1.2025278304512628e+16,
            "z": -2.8598693264269357e+17
        },
        "descriptionID": 267801,
        "factionID": 0,
        "max": {
            "x": 1.2593312231407251e+17,
            "y": 1.7206698916969706e+16,
            "z": 3.295130023782146e+17
        },
        "min": {
            "x": -3.114225202793192e+16,
            "y": -4.125725552599496e+16,
            "z": 2.4246086290717254e+17
        },
        "name": "Tenerifis",
        "nameID": 267800,
        "nebula": 11850,
        "regionID": 10000061
    },
    {
        "center": {
            "x": -1.5917223051659846e+17,
            "y": 3.138851058813296e+16,
            "z": -5.093675036537755e+16
        },
        "descriptionID": 267755,
        "factionID": 500003,
        "max": {
            "x": -1.4351005363255656e+17,
            "y": 6.107320126385917e+16,
            "z": 6.901191922536963e+16
        },
        "min": {
            "x": -1.7483440740064038e+17,
            "y": 1.703819912406752e+15,
            "z": 3.2861581505385484e+16
        },
        "name": "The Bleak Lands",
        "nameID": 267754,
        "nebula": 11790,
        "regionID": 10000038
    },
    {
        "center": {
            "x": -1.546206305243694e+17,
            "y": 7.859497411041216e+16,
            "z": 1.0482179762946699e+17
        },
        "descriptionID": 267745,
        "factionID": 500001,
        "max": {
            "x": -1.2125016614624125e+17,
            "y": 1.0985765363671123e+17,
            "z": -6.0766999976232416e+16
        },
        "min": {
            "x": -1.8799109490249757e+17,
            "y": 4.7332294584113096e+16,
            "z": -1.4887659528270157e+17
        },
        "name": "The Citadel",
        "nameID": 267744,
        "nebula": 11805,
        "regionID": 10000033
    },
    {
        "center": {
            "x": -9.642032966461757e+16,
            "y": 6.40270758377404e+16,
            "z": 1.1253981713290419e+17
        },
        "descriptionID": 267687,
        "factionID": 500001,
        "max": {
            "x": -4.919500463095301e+16,
            "y": 9.289959527872566e+16,
            "z": -8.062703110404978e+16
        },
        "min": {
            "x": -1.4364565469828213e+17,
            "y": 3.5154556396755124e+16,
            "z": -1.4445260316175862e+17
        },
        "name": "The Forge",
        "nameID": 267686,
        "nebula": 11806,
        "regionID": 10000002
    },
    {
        "center": {
            "x": 1.3394122341012611e+17,
            "y": 5.480988805902107e+16,
            "z": 9.497957937819278e+16
        },
        "descriptionID": 267747,
        "factionID": 0,
        "max": {
            "x": 1.5717317050437555e+17,
            "y": 8.132959659116995e+16,
            "z": -5.992018669755539e+16
        },
        "min": {
            "x": 1.1070927631587669e+17,
            "y": 2.82901795268722e+16,
            "z": -1.3003897205883018e+17
        },
        "name": "The Kalevala Expanse",
        "nameID": 267746,
        "nebula": 11818,
        "regionID": 10000034
    },
    {
        "center": {
            "x": 2.3295615664225558e+17,
            "y": 3.1778178062884976e+16,
            "z": 2.3367365618509808e+16
        },
        "descriptionID": 267719,
        "factionID": 0,
        "max": {
            "x": 2.6345612626305222e+17,
            "y": 6.620145022607187e+16,
            "z": 2.328346604563784e+16
        },
        "min": {
            "x": 2.0245618702145894e+17,
            "y": -2.645094100301926e+15,
            "z": -7.0018197282657456e+16
        },
        "name": "The Spire",
        "nameID": 267718,
        "nebula": 11843,
        "regionID": 10000018
    },
    {
        "center": {
            "x": -1.2011370624741088e+17,
            "y": 1.0025169202265139e+17,
            "z": 2.2425784340049078e+17
        },
        "descriptionID": 267703,
        "factionID": 0,
        "max": {
            "x": -6.0091350672596336e+16,
            "y": 1.1875887311943394e+17,
            "z": -1.9981435721218352e+17
        },
        "min": {
            "x": -1.8013606182222544e+17,
            "y": 8.174451092586886e+16,
            "z": -2.4870132958879805e+17
        },
        "name": "Tribute",
        "nameID": 267702,
        "nebula": 11813,
        "regionID": 10000010
    },
    {
        "center": {
            "x": 8.986800425787589e+16,
            "y": 5.4780096006728544e+16,
            "z": 2.7257575036721664e+17
        },
        "descriptionID": 267691,
        "factionID": 0,
        "max": {
            "x": 1.1234518119573808e+17,
            "y": 9.569515289693997e+16,
            "z": -1.6437732288381302e+17
        },
        "min": {
            "x": 6.7390827320013696e+16,
            "y": 1.3865039116517132e+16,
            "z": -3.807741778506203e+17
        },
        "name": "UUA-F4",
        "nameID": 267690,
        "nebula": 11817,
        "regionID": 10000004
    },
    {
        "center": {
            "x": -4.406932333783791e+16,
            "y": 9.472944415245827e+16,
            "z": 1.8138469588557734e+17
        },
        "descriptionID": 267689,
        "factionID": 0,
        "max": {
            "x": 1.109511358509361e+16,
            "y": 1.3125471789740226e+17,
            "z": -1.4388979841363821e+17
        },
        "min": {
            "x": -9.923376026076944e+16,
            "y": 5.820417040751427e+16,
            "z": -2.1887959335751645e+17
        },
        "name": "Vale of the Silent",
        "nameID": 267688,
        "nebula": 11814,
        "regionID": 10000003
    },
    {
        "center": {
            "x": -1.2314907213262366e+17,
            "y": 1.1140517836688538e+17,
            "z": 3.083255786575642e+17
        },
        "descriptionID": 267713,
        "factionID": 500010,
        "max": {
            "x": -7.227289973343411e+16,
            "y": 1.303559167462336e+17,
            "z": -2.548290970123681e+17
        },
        "min": {
            "x": -1.7402524453181322e+17,
            "y": 9.245443998753717e+16,
            "z": -3.618220603027604e+17
        },
        "name": "Venal",
        "nameID": 267712,
        "nebula": 11812,
        "regionID": 10000015
    },
    {
        "center": {
            "x": -2.4249831284324995e+17,
            "y": 4.117010361145392e+16,
            "z": 5.155745105596656e+16
        },
        "descriptionID": 267815,
        "factionID": 500004,
        "max": {
            "x": -2.2693102433503872e+17,
            "y": 5.0757673613592e+16,
            "z": -3.790197195167516e+16
        },
        "min": {
            "x": -2.5806560135146118e+17,
            "y": 3.1582533609315832e+16,
            "z": -6.521293016025797e+16
        },
        "name": "Verge Vendor",
        "nameID": 267814,
        "nebula": 11827,
        "regionID": 10000068
    },
    {
        "center": {
            "x": 9.623259351327435e+16,
            "y": 2.541722640313026e+15,
            "z": -1.6268393910178538e+17
        },
        "descriptionID": 267695,
        "factionID": 0,
        "max": {
            "x": 1.3737089783825904e+17,
            "y": 2.1863163054607492e+16,
            "z": 1.830265377261289e+17
        },
        "min": {
            "x": 5.5094289188289664e+16,
            "y": -1.6779717773981442e+16,
            "z": 1.4234134047744187e+17
        },
        "name": "Wicked Creek",
        "nameID": 267694,
        "nebula": 11847,
        "regionID": 10000006
    },
    {
        "center": {
            "x": 6.73278245121e+15,
            "y": 4.72259854437e+15,
            "z": -2.50834678264e+15
        },
        "descriptionID": 669723,
        "factionID": 0,
        "max": {
            "x": 6.83278245121e+15,
            "y": 4.82259854437e+15,
            "z": -2.40834678264e+15
        },
        "min": {
            "x": 6.63278245121e+15,
            "y": 4.62259854437e+15,
            "z": -2.60834678264e+15
        },
        "name": "Yasna Zakh",
        "nameID": 649377,
        "nebula": 26196,
        "regionID": 10001000
    }
]
